engine,engine_map
1.2L I3 12V GDI DOHC Turbo,0
1.3L I3 12V GDI DOHC Turbo,1
1.3L I3 12V MPFI DOHC Turbo,2
1.4L I4 16V GDI DOHC Turbo,3
1.5 Liter Turbo,4
1.5L I3 12V GDI DOHC Turbo,5
1.5L I3 12V PDI DOHC Turbo,6
1.5L I4 16V GDI DOHC Turbo,7
1.6L I4 16V GDI DOHC,8
1.6L I4 16V GDI DOHC Hybrid,9
1.6L I4 16V GDI DOHC Turbo,10
1.6L I4 16V GDI DOHC Turbo Hybrid,11
1.6L I4 16V MPFI DOHC,12
1.8 Liter,13
101.0HP 1.4L 4 Cylinder Engine Gasoline Fuel,14
1020.0HP Electric Motor Electric Fuel System,15
104.0HP 1.6L 4 Cylinder Engine Gasoline Fuel,16
106.0HP 1.5L 4 Cylinder Engine Gasoline Fuel,17
107.0HP Electric Motor Electric Fuel System,18
109.0HP 1.5L 4 Cylinder Engine Gasoline Fuel,19
109.0HP 1.6L 4 Cylinder Engine Gasoline Fuel,20
111.0HP Electric Motor Electric Fuel System,21
111.2Ah / FR 70kW / RR 160kW (697V),22
115.0HP 1.6L 4 Cylinder Engine Gasoline Fuel,23
115.0HP 1.7L 4 Cylinder Engine Gasoline Fuel,24
115.0HP 2.0L 4 Cylinder Engine Gasoline Fuel,25
115.0HP Electric Motor Electric Fuel System,26
118.0HP 1.6L 4 Cylinder Engine Gasoline Fuel,27
12 Cylinder Engine,28
120 AH,29
120.0HP 1.6L 4 Cylinder Engine Gasoline Fuel,30
120.0HP 2.2L 4 Cylinder Engine Flex Fuel Capability,31
120.0HP 2.5L 4 Cylinder Engine Gasoline Fuel,32
121.0HP 1.8L 4 Cylinder Engine Gas/Electric Hybrid,33
122.0HP 1.8L 4 Cylinder Engine Gasoline Fuel,34
126.0HP 1.8L 4 Cylinder Engine Gasoline Fuel,35
130.0HP 1.8L 4 Cylinder Engine Gasoline Fuel,36
131.0HP 2.0L 4 Cylinder Engine Gasoline Fuel,37
132.0HP 1.6L 4 Cylinder Engine Gasoline Fuel,38
132.0HP 1.8L 4 Cylinder Engine Gasoline Fuel,39
132.0HP 2.0L 4 Cylinder Engine Gasoline Fuel,40
133.0HP 2.2L 4 Cylinder Engine Gasoline Fuel,41
134.0HP 1.5L 3 Cylinder Engine Gasoline Fuel,42
134.0HP 1.8L 4 Cylinder Engine Gas/Electric Hybrid,43
134.0HP 1.8L 4 Cylinder Engine Plug-In Electric/Gas,44
136.0HP 1.8L 4 Cylinder Engine Gasoline Fuel,45
136.0HP 2.0L 4 Cylinder Engine Gasoline Fuel,46
137.0HP 1.8L 4 Cylinder Engine Gasoline Fuel,47
138.0HP 1.4L 4 Cylinder Engine Gasoline Fuel,48
138.0HP 1.6L 4 Cylinder Engine Gasoline Fuel,49
138.0HP 2.0L 4 Cylinder Engine Gasoline Fuel,50
139.0HP 1.6L 4 Cylinder Engine Gas/Electric Hybrid,51
139.0HP 1.6L 4 Cylinder Engine Plug-In Electric/Gas,52
140.0HP 1.8L 4 Cylinder Engine Gasoline Fuel,53
140.0HP 2.4L 4 Cylinder Engine Gasoline Fuel,54
140.0HP 2.8L V6 Cylinder Engine Gasoline Fuel,55
141.0HP 2.0L 4 Cylinder Engine Gasoline Fuel,56
142.0HP 1.8L 4 Cylinder Engine Gasoline Fuel,57
143.0HP 1.8L 4 Cylinder Engine Gasoline Fuel,58
145.0HP 1.8L 4 Cylinder Engine Gasoline Fuel,59
146.0HP 2.0L 4 Cylinder Engine Gasoline Fuel,60
147.0HP 1.4L 4 Cylinder Engine Gasoline Fuel,61
147.0HP 2.0L 4 Cylinder Engine Gasoline Fuel,62
147.0HP 2.4L 4 Cylinder Engine Gas/Electric Hybrid,63
147.0HP Electric Motor Electric Fuel System,64
148.0HP 2.0L 4 Cylinder Engine Gasoline Fuel,65
148.0HP 3.0L V6 Cylinder Engine Gasoline Fuel,66
150.0HP 1.4L 4 Cylinder Engine Gasoline Fuel,67
150.0HP 2.0L 4 Cylinder Engine Diesel Fuel,68
150.0HP 2.0L 4 Cylinder Engine Gasoline Fuel,69
150.0HP 2.4L 4 Cylinder Engine Gasoline Fuel,70
150.0HP 2.7L 4 Cylinder Engine Gasoline Fuel,71
150.0HP 3.8L V6 Cylinder Engine Gasoline Fuel,72
151.0HP 1.5L 4 Cylinder Engine Gas/Electric Hybrid,73
151.0HP Electric Motor Hydrogen Fuel,74
152.0HP 2.0L 4 Cylinder Engine Gasoline Fuel,75
152.0HP 3.0L V6 Cylinder Engine Flex Fuel Capability,76
153.0HP 1.4L 4 Cylinder Engine Gasoline Fuel,77
153.0HP 2.3L 4 Cylinder Engine Gasoline Fuel,78
154.0HP 2.7L 5 Cylinder Engine Diesel Fuel,79
155.0HP 1.3L 3 Cylinder Engine Gasoline Fuel,80
155.0HP 2.0L 4 Cylinder Engine Gasoline Fuel,81
156.0HP 2.0L 4 Cylinder Engine Gasoline Fuel,82
156.0HP 2.3L 4 Cylinder Engine Gasoline Fuel,83
156.0HP 2.5L 4 Cylinder Engine Gas/Electric Hybrid,84
158.0HP 2.0L 4 Cylinder Engine Gasoline Fuel,85
158.0HP 2.4L 4 Cylinder Engine Gasoline Fuel,86
159.0HP 2.7L 4 Cylinder Engine Gasoline Fuel,87
160.0HP 1.4L 4 Cylinder Engine Gasoline Fuel,88
160.0HP 1.5L 4 Cylinder Engine Gasoline Fuel,89
160.0HP 2.0L 4 Cylinder Engine Flex Fuel Capability,90
160.0HP 2.0L 4 Cylinder Engine Gasoline Fuel,91
160.0HP 2.4L 4 Cylinder Engine Gasoline Fuel,92
161.0HP 2.0L 4 Cylinder Engine Diesel Fuel,93
161.0HP 2.1L 4 Cylinder Engine Diesel Fuel,94
161.0HP 2.4L 4 Cylinder Engine Gasoline Fuel,95
162.0HP 2.4L 4 Cylinder Engine Gasoline Fuel,96
164.0HP 1.4L 4 Cylinder Engine Gasoline Fuel,97
165.0HP 2.5L 4 Cylinder Engine Gasoline Fuel,98
166.0HP 2.0L 4 Cylinder Engine Gasoline Fuel,99
166.0HP 2.4L 4 Cylinder Engine Gasoline Fuel,100
167.0HP 2.0L 4 Cylinder Engine Gasoline Fuel,101
168.0HP 1.6L 4 Cylinder Engine Gasoline Fuel,102
168.0HP 2.4L 4 Cylinder Engine Gasoline Fuel,103
169.0HP 2.4L 4 Cylinder Engine Gasoline Fuel,104
169.0HP 2.5L 4 Cylinder Engine Flex Fuel Capability,105
169.0HP 2.5L 4 Cylinder Engine Gasoline Fuel,106
170.0HP 0.65L Electric Motor Electric Fuel System,107
170.0HP 1.5L 4 Cylinder Engine Gasoline Fuel,108
170.0HP 1.8L 4 Cylinder Engine Gasoline Fuel,109
170.0HP 2.0L 4 Cylinder Engine Gasoline Fuel,110
170.0HP 2.5L 4 Cylinder Engine Gasoline Fuel,111
170.0HP 2.5L 5 Cylinder Engine Gasoline Fuel,112
170.0HP 2.5L Straight 6 Cylinder Engine Gasoline Fuel,113
170.0HP 3.3L V6 Cylinder Engine Gasoline Fuel,114
171.0HP 2.5L 4 Cylinder Engine Gasoline Fuel,115
172.0HP 1.6L 4 Cylinder Engine Gasoline Fuel,116
172.0HP 2.4L 4 Cylinder Engine Gas/Electric Hybrid,117
172.0HP 2.4L 4 Cylinder Engine Gasoline Fuel,118
173.0HP 1.6L 4 Cylinder Engine Gasoline Fuel,119
173.0HP 2.0L 4 Cylinder Engine Gasoline Fuel,120
173.0HP 2.4L 4 Cylinder Engine Gasoline Fuel,121
173.0HP 2.5L 4 Cylinder Engine Gasoline Fuel,122
173.0HP 2.7L V6 Cylinder Engine Gasoline Fuel,123
174.0HP 1.5L 4 Cylinder Engine Gasoline Fuel,124
174.0HP 2.0L 4 Cylinder Engine Gasoline Fuel,125
174.0HP 2.8L V6 Cylinder Engine Gasoline Fuel,126
175.0HP 1.6L 4 Cylinder Engine Gasoline Fuel,127
175.0HP 2.5L 4 Cylinder Engine Gasoline Fuel,128
175.0HP 3.9L V6 Cylinder Engine Gasoline Fuel,129
176.0HP 2.5L 4 Cylinder Engine Gasoline Fuel,130
177.0HP 2.4L 4 Cylinder Engine Gasoline Fuel,131
178.0HP 1.8L 4 Cylinder Engine Gasoline Fuel,132
179.0HP 1.5L 4 Cylinder Engine Gasoline Fuel,133
179.0HP 2.5L 4 Cylinder Engine Gasoline Fuel,134
180.0HP 1.6L 4 Cylinder Engine Gasoline Fuel,135
180.0HP 1.6L 4 Cylinder Engine Plug-In Electric/Gas,136
180.0HP 1.8L 4 Cylinder Engine Gasoline Fuel,137
180.0HP 2.0L 4 Cylinder Engine Gasoline Fuel,138
180.0HP 2.4L 4 Cylinder Engine Flex Fuel Capability,139
180.0HP 2.4L 4 Cylinder Engine Gasoline Fuel,140
180.0HP 2.5L 4 Cylinder Engine Gasoline Fuel,141
180.0HP 3.4L V6 Cylinder Engine Gasoline Fuel,142
180.0HP 6.5L 8 Cylinder Engine Diesel Fuel,143
181.0HP 1.5L 3 Cylinder Engine Gasoline Fuel,144
181.0HP 1.5L 4 Cylinder Engine Gasoline Fuel,145
181.0HP 1.6L 4 Cylinder Engine Gasoline Fuel,146
181.0HP 2.0L 4 Cylinder Engine Gasoline Fuel,147
181.0HP 2.5L 4 Cylinder Engine Gasoline Fuel,148
181.0HP 4.0L Straight 6 Cylinder Engine Gasoline Fuel,149
182.0HP 2.4L 4 Cylinder Engine Gasoline Fuel,150
182.0HP 2.4L 4 Cylinder Engine Gasoline/Mild Electric Hybrid,151
182.0HP 2.5L 4 Cylinder Engine Gasoline Fuel,152
182.0HP 4.0L 8 Cylinder Engine Gasoline Fuel,153
182.0HP Electric Motor Hydrogen Fuel,154
184.0HP 2.0L 4 Cylinder Engine Gasoline Fuel,155
184.0HP 2.4L 4 Cylinder Engine Flex Fuel Capability,156
184.0HP 2.5L 4 Cylinder Engine Gasoline Fuel,157
184.0HP 2.5L Straight 6 Cylinder Engine Gasoline Fuel,158
185.0HP 2.4L 4 Cylinder Engine Gasoline Fuel,159
186.0HP 2.0L 4 Cylinder Engine Gasoline Fuel,160
186.0HP 2.5L 4 Cylinder Engine Gasoline Fuel,161
187.0HP 2.5L 4 Cylinder Engine Gasoline Fuel,162
188.0HP 1.6L 4 Cylinder Engine Gasoline Fuel,163
188.0HP 2.0L 4 Cylinder Engine Gas/Electric Hybrid,164
188.0HP 2.0L 4 Cylinder Engine Gasoline Fuel,165
188.0HP 2.0L 4 Cylinder Engine Plug-In Electric/Gas,166
188.0HP 3.0L V6 Cylinder Engine Diesel Fuel,167
189.0HP 2.0L 4 Cylinder Engine Gasoline Fuel,168
190.0HP 1.8L 4 Cylinder Engine Gasoline Fuel,169
190.0HP 2.3L 4 Cylinder Engine Gasoline Fuel,170
190.0HP 2.4L 4 Cylinder Engine Gasoline Fuel,171
190.0HP 2.8L Straight 6 Cylinder Engine Gasoline Fuel,172
190.0HP 4.0L Straight 6 Cylinder Engine Gasoline Fuel,173
190.0HP 4.3L V6 Cylinder Engine Gasoline Fuel,174
191.0HP 2.5L 4 Cylinder Engine Gas/Electric Hybrid,175
191.0HP 2.5L 4 Cylinder Engine Gasoline Fuel,176
192.0HP 1.5L 4 Cylinder Engine Gasoline Fuel,177
192.0HP 2.0L 4 Cylinder Engine Gas/Electric Hybrid,178
192.0HP 2.3L 4 Cylinder Engine Gasoline Fuel,179
192.0HP 2.4L 4 Cylinder Engine Gasoline Fuel,180
193.0HP 2.5L 4 Cylinder Engine Gasoline Fuel,181
195.0HP 4.3L V6 Cylinder Engine Gasoline Fuel,182
197.0HP 1.6L 4 Cylinder Engine Gasoline Fuel,183
197.0HP 2.5L 4 Cylinder Engine Gasoline Fuel,184
197.0HP 3.8L V6 Cylinder Engine Gasoline Fuel,185
198.0HP 2.4L 4 Cylinder Engine Gasoline Fuel,186
199.0HP 2.4L 4 Cylinder Engine Gas/Electric Hybrid,187
2.0 Liter,188
2.0 Liter DOHC T/C,189
2.0 Liter DOHC Turbo,190
2.0 Liter Supercharged,191
2.0 Liter TFSI,192
2.0 Liter TSI,193
2.0 Liter Turbo,194
2.0L I4 16V GDI DOHC,195
2.0L I4 16V GDI DOHC Flexible Fuel,196
2.0L I4 16V GDI DOHC Hybrid,197
2.0L I4 16V GDI DOHC Turbo,198
2.0L I4 16V GDI DOHC Turbo Flexible Fuel,199
2.0L I4 16V GDI DOHC Turbo Hybrid,200
2.0L I4 16V GDI SOHC Turbo,201
2.0L I4 16V MPFI DOHC,202
2.0L I4 16V MPFI DOHC Hybrid,203
2.0L I4 16V PDI DOHC Turbo,204
2.3L I4 16V GDI DOHC Turbo,205
2.4 Liter,206
2.4L H4 16V GDI DOHC Turbo,207
2.4L I4 16V GDI DOHC,208
2.4L I4 16V MPFI DOHC,209
2.4L I4 16V MPFI SOHC,210
2.4L I4 16V PDI DOHC Turbo,211
2.5 Liter,212
2.5L,213
2.5L 4 Cylinder Engine Gasoline Fuel,214
2.5L H4 16V GDI DOHC,215
2.5L H4 16V MPFI DOHC,216
2.5L I4 16V,217
2.5L I4 16V GDI DOHC,218
2.5L I4 16V GDI DOHC Turbo,219
2.5L I4 16V MPFI DOHC,220
2.5L I4 16V MPFI DOHC Hybrid,221
2.5L I4 16V PDI DOHC,222
2.5L I4 16V PDI DOHC Hybrid,223
2.5L I4 16V PDI DOHC Turbo,224
2.7 Liter DOHC Turbo,225
2.7L I4 16V GDI DOHC Turbo,226
2.7L V6 24V GDI DOHC Twin Turbo,227
2.7L V6 24V PDI DOHC Twin Turbo,228
2.9 Liter Turbo,229
2.9L V6 24V GDI DOHC Twin Turbo,230
200.0HP 1.6L 4 Cylinder Engine Gasoline Fuel,231
200.0HP 2.0L 4 Cylinder Engine Gasoline Fuel,232
200.0HP 2.2L 4 Cylinder Engine Gasoline Fuel,233
200.0HP 2.4L 4 Cylinder Engine Gasoline Fuel,234
200.0HP 2.5L 4 Cylinder Engine Gas/Electric Hybrid,235
200.0HP 3.0L V6 Cylinder Engine Gasoline Fuel,236
200.0HP 3.8L V6 Cylinder Engine Gasoline Fuel,237
200.0HP 4.3L V6 Cylinder Engine Gasoline Fuel,238
200.0HP Electric Motor Electric Fuel System,239
201.0HP 1.6L 4 Cylinder Engine Gasoline Fuel,240
201.0HP 1.8L 4 Cylinder Engine Gasoline Fuel,241
201.0HP 2.0L 4 Cylinder Engine Gasoline Fuel,242
201.0HP 2.0L 4 Cylinder Engine Gasoline/Mild Electric Hybrid,243
201.0HP 2.4L 4 Cylinder Engine Gasoline Fuel,244
201.0HP 2.5L Flat 6 Cylinder Engine Gasoline Fuel,245
201.0HP 3.5L V6 Cylinder Engine Gasoline Fuel,246
201.0HP Electric Motor Electric Fuel System,247
202.0HP 2.5L 4 Cylinder Engine Gasoline Fuel,248
202.0HP 3.8L V6 Cylinder Engine Gasoline Fuel,249
203.0HP 2.5L 4 Cylinder Engine Gasoline Fuel,250
204.0HP 2.5L V6 Cylinder Engine Gasoline Fuel,251
205.0HP 1.5L 4 Cylinder Engine Gasoline Fuel,252
205.0HP 2.0L 4 Cylinder Engine Gasoline Fuel,253
205.0HP 3.8L V6 Cylinder Engine Gasoline Fuel,254
206.0HP 2.4L 4 Cylinder Engine Gas/Electric Hybrid,255
206.0HP 2.4L 4 Cylinder Engine Gasoline Fuel,256
207.0HP 4.0L V6 Cylinder Engine Gasoline Fuel,257
208.0HP 2.0L 4 Cylinder Engine Flex Fuel Capability,258
208.0HP 2.0L 4 Cylinder Engine Gasoline Fuel,259
208.0HP 2.5L 4 Cylinder Engine Gas/Electric Hybrid,260
208.0HP 3.3L V6 Cylinder Engine Gas/Electric Hybrid,261
210.0HP 2.0L 4 Cylinder Engine Diesel Fuel,262
210.0HP 2.0L 4 Cylinder Engine Gasoline Fuel,263
210.0HP 2.5L 4 Cylinder Engine Gasoline Fuel,264
210.0HP 3.0L V6 Cylinder Engine Gasoline Fuel,265
210.0HP 3.3L V6 Cylinder Engine Gasoline Fuel,266
210.0HP 3.7L V6 Cylinder Engine Gasoline Fuel,267
210.0HP 4.0L Straight 6 Cylinder Engine Gasoline Fuel,268
210.0HP 4.0L V6 Cylinder Engine Gasoline Fuel,269
210.0HP 5.8L 8 Cylinder Engine Gasoline Fuel,270
211.0HP 2.0L 4 Cylinder Engine Diesel Fuel,271
211.0HP 2.0L 4 Cylinder Engine Gasoline Fuel,272
212.0HP 1.3L Rotary engine Gasoline Fuel,273
212.0HP 1.5L 4 Cylinder Engine Plug-In Electric/Gas,274
212.0HP 2.0L 4 Cylinder Engine Gas/Electric Hybrid,275
212.0HP 4.5L Straight 6 Cylinder Engine Gasoline Fuel,276
214.0HP Electric Motor Electric Fuel System,277
215.0HP 1.6L 4 Cylinder Engine Gasoline Fuel,278
215.0HP 2.5L Straight 6 Cylinder Engine Gasoline Fuel,279
215.0HP 3.0L Straight 6 Cylinder Engine Gasoline Fuel,280
215.0HP 3.2L V6 Cylinder Engine Gasoline Fuel,281
215.0HP 3.8L V6 Cylinder Engine Gasoline Fuel,282
217.0HP 4.6L 8 Cylinder Engine Gasoline Fuel,283
218.0HP 2.5L 5 Cylinder Engine Gasoline Fuel,284
219.0HP 2.5L 4 Cylinder Engine Gas/Electric Hybrid,285
220.0HP 2.0L 4 Cylinder Engine Flex Fuel Capability,286
220.0HP 2.0L 4 Cylinder Engine Gasoline Fuel,287
220.0HP 3.0L V6 Cylinder Engine Gasoline Fuel,288
220.0HP 3.5L 5 Cylinder Engine Gasoline Fuel,289
220.0HP 4.6L 8 Cylinder Engine Gasoline Fuel,290
221.0HP 2.0L 4 Cylinder Engine Gasoline Fuel,291
221.0HP 2.5L 4 Cylinder Engine Plug-In Electric/Gas,292
222.0HP 3.0L V6 Cylinder Engine Gasoline Fuel,293
224.0HP 2.5L 4 Cylinder Engine Gasoline Fuel,294
225.0HP 1.8L 4 Cylinder Engine Gasoline Fuel,295
225.0HP 3.0L Straight 6 Cylinder Engine Gasoline Fuel,296
225.0HP 3.3L V6 Cylinder Engine Gasoline Fuel,297
225.0HP 4.6L 8 Cylinder Engine Flex Fuel Capability,298
225.0HP 4.6L 8 Cylinder Engine Gasoline Fuel,299
226.0HP 1.6L 4 Cylinder Engine Gas/Electric Hybrid,300
227.0HP 1.6L 4 Cylinder Engine Gas/Electric Hybrid,301
227.0HP 2.0L 4 Cylinder Engine Gasoline Fuel,302
227.0HP 2.5L 4 Cylinder Engine Gasoline Fuel,303
227.0HP 2.5L 5 Cylinder Engine Gasoline Fuel,304
228.0HP 2.0L 4 Cylinder Engine Gasoline Fuel,305
228.0HP 2.4L 4 Cylinder Engine Gasoline Fuel,306
228.0HP 3.0L V6 Cylinder Engine Gasoline Fuel,307
230.0HP 3.0L Straight 6 Cylinder Engine Gasoline Fuel,308
230.0HP 3.2L Straight 6 Cylinder Engine Gasoline Fuel,309
230.0HP 3.3L V6 Cylinder Engine Gasoline Fuel,310
230.0HP 4.7L 8 Cylinder Engine Gasoline Fuel,311
230.0HP 5.2L 8 Cylinder Engine Gasoline Fuel,312
231.0HP 2.0L 4 Cylinder Engine Gasoline Fuel,313
232.0HP 1.3L Rotary engine Gasoline Fuel,314
235.0HP 2.0L 4 Cylinder Engine Gasoline Fuel,315
235.0HP 3.2L Straight 6 Cylinder Engine Gasoline Fuel,316
235.0HP 4.7L 8 Cylinder Engine Flex Fuel Capability,317
235.0HP 4.7L 8 Cylinder Engine Gasoline Fuel,318
236.0HP 4.0L V6 Cylinder Engine Gasoline Fuel,319
237.0HP 2.0L 4 Cylinder Engine Gasoline Fuel,320
237.0HP 2.2L 4 Cylinder Engine Gasoline Fuel,321
239.0HP 3.7L 5 Cylinder Engine Gasoline Fuel,322
239.0HP 4.0L V6 Cylinder Engine Gasoline Fuel,323
239.0HP 4.6L 8 Cylinder Engine Gasoline Fuel,324
240.0HP 2.0L 4 Cylinder Engine Gasoline Fuel,325
240.0HP 2.5L 4 Cylinder Engine Gas/Electric Hybrid,326
240.0HP 2.7L Flat 6 Cylinder Engine Gasoline Fuel,327
240.0HP 3.0L V6 Cylinder Engine Diesel Fuel,328
240.0HP 3.0L V6 Cylinder Engine Flex Fuel Capability,329
240.0HP 3.2L Straight 6 Cylinder Engine Gasoline Fuel,330
240.0HP 3.5L V6 Cylinder Engine Gasoline Fuel,331
240.0HP 3.8L V6 Cylinder Engine Gasoline Fuel,332
240.0HP 4.7L 8 Cylinder Engine Gasoline Fuel,333
241.0HP 2.0L 4 Cylinder Engine Gasoline Fuel,334
242.0HP 3.3L V6 Cylinder Engine Gasoline Fuel,335
242.0HP 3.7L 5 Cylinder Engine Gasoline Fuel,336
243.0HP 2.5L 4 Cylinder Engine Gasoline Fuel,337
244.0HP 2.3L 4 Cylinder Engine Gasoline Fuel,338
244.0HP 3.5L V6 Cylinder Engine Gasoline Fuel,339
245.0HP 2.0L 4 Cylinder Engine Gasoline Fuel,340
245.0HP 2.5L 4 Cylinder Engine Gas/Electric Hybrid,341
245.0HP 2.7L Flat 6 Cylinder Engine Gasoline Fuel,342
245.0HP 3.5L V6 Cylinder Engine Gas/Electric Hybrid,343
245.0HP 3.5L V6 Cylinder Engine Gasoline Fuel,344
245.0HP 4.0L V6 Cylinder Engine Gasoline Fuel,345
245.0HP 5.9L 8 Cylinder Engine Gasoline Fuel,346
245.0HP 5.9L Straight 6 Cylinder Engine Diesel Fuel,347
246.0HP 2.0L 4 Cylinder Engine Gasoline Fuel,348
247.0HP 2.0L 4 Cylinder Engine Gasoline Fuel,349
247.0HP 2.0L 4 Cylinder Engine Gasoline/Mild Electric Hybrid,350
247.0HP 2.0L 4 Cylinder Engine Plug-In Electric/Gas,351
248.0HP 2.0L 4 Cylinder Engine Gasoline Fuel,352
248.0HP 2.0L 4 Cylinder Engine Gasoline/Mild Electric Hybrid,353
248.0HP 3.5L V6 Cylinder Engine Gasoline Fuel,354
250.0HP 2.0L 4 Cylinder Engine Gasoline Fuel,355
250.0HP 2.5L 5 Cylinder Engine Gasoline Fuel,356
250.0HP 2.7L V6 Cylinder Engine Gasoline Fuel,357
250.0HP 3.0L Flat 6 Cylinder Engine Gasoline Fuel,358
250.0HP 3.0L V6 Cylinder Engine Diesel Fuel,359
250.0HP 3.2L V6 Cylinder Engine Gasoline Fuel,360
250.0HP 3.5L V6 Cylinder Engine Gasoline Fuel,361
250.0HP 5.9L Straight 6 Cylinder Engine Diesel Fuel,362
250.0HP 7.3L 8 Cylinder Engine Diesel Fuel,363
252.0HP 2.0L 4 Cylinder Engine Gasoline Fuel,364
252.0HP 3.6L V6 Cylinder Engine Gasoline Fuel,365
252.0HP 3.9L 8 Cylinder Engine Gasoline Fuel,366
253.0HP 3.5L V6 Cylinder Engine Gasoline Fuel,367
255.0HP 2.0L 4 Cylinder Engine Gasoline Fuel,368
255.0HP 2.9L Flat 6 Cylinder Engine Gasoline Fuel,369
255.0HP 3.0L Straight 6 Cylinder Engine Gasoline Fuel,370
255.0HP 3.2L V6 Cylinder Engine Gasoline Fuel,371
255.0HP 3.5L V6 Cylinder Engine Gasoline Fuel,372
255.0HP 3.6L V6 Cylinder Engine Gasoline Fuel,373
255.0HP 4.8L 8 Cylinder Engine Gasoline Fuel,374
255.0HP 5.4L 8 Cylinder Engine Flex Fuel Capability,375
256.0HP 2.0L 4 Cylinder Engine Gasoline Fuel,376
256.0HP 3.6L Flat 6 Cylinder Engine Gasoline Fuel,377
258.0HP 3.2L V6 Cylinder Engine Gasoline Fuel,378
260.0HP 2.0L 4 Cylinder Engine Gasoline Fuel,379
260.0HP 2.4L 4 Cylinder Engine Gasoline Fuel,380
260.0HP 3.0L Straight 6 Cylinder Engine Gasoline Fuel,381
260.0HP 3.0L V6 Cylinder Engine Diesel Fuel,382
260.0HP 3.5L V6 Cylinder Engine Gasoline Fuel,383
260.0HP 3.6L V6 Cylinder Engine Gasoline Fuel,384
260.0HP 3.8L V6 Cylinder Engine Gasoline Fuel,385
260.0HP 4.0L V6 Cylinder Engine Gasoline Fuel,386
260.0HP 4.6L 8 Cylinder Engine Gasoline Fuel,387
260.0HP 5.4L 8 Cylinder Engine Gasoline Fuel,388
260.0HP 5.7L 8 Cylinder Engine Gasoline Fuel,389
260.0HP 6.6L 8 Cylinder Engine Diesel Fuel,390
261.0HP 1.6L 4 Cylinder Engine Plug-In Electric/Gas,391
261.0HP 2.0L 4 Cylinder Engine Gasoline Fuel,392
261.0HP 2.0L 4 Cylinder Engine Gasoline/Mild Electric Hybrid,393
261.0HP 4.0L V6 Cylinder Engine Gasoline Fuel,394
262.0HP 3.5L V6 Cylinder Engine Gasoline Fuel,395
263.0HP 2.3L 4 Cylinder Engine Gasoline Fuel,396
263.0HP 3.5L V6 Cylinder Engine Gasoline Fuel,397
263.0HP 4.7L 8 Cylinder Engine Gasoline Fuel,398
264.0HP 3.0L V6 Cylinder Engine Gasoline Fuel,399
265.0HP 2.0L 4 Cylinder Engine Gasoline Fuel,400
265.0HP 2.5L 4 Cylinder Engine Gasoline Fuel,401
265.0HP 2.7L Flat 6 Cylinder Engine Gasoline Fuel,402
265.0HP 2.9L Flat 6 Cylinder Engine Gasoline Fuel,403
265.0HP 3.0L V6 Cylinder Engine Gasoline Fuel,404
265.0HP 3.2L V6 Cylinder Engine Gasoline Fuel,405
265.0HP 3.5L V6 Cylinder Engine Gasoline Fuel,406
265.0HP 4.0L V6 Cylinder Engine Gasoline Fuel,407
266.0HP 2.5L 4 Cylinder Engine Plug-In Electric/Gas,408
266.0HP 3.5L V6 Cylinder Engine Gasoline Fuel,409
266.0HP 4.0L V6 Cylinder Engine Gasoline Fuel,410
266.0HP Electric Motor Electric Fuel System,411
268.0HP 2.0L 4 Cylinder Engine Gasoline Fuel,412
268.0HP 3.5L V6 Cylinder Engine Gasoline Fuel,413
270.0HP 2.0L 4 Cylinder Engine Gasoline Fuel,414
270.0HP 2.3L 4 Cylinder Engine Gasoline Fuel,415
270.0HP 3.0L V6 Cylinder Engine Gasoline Fuel,416
270.0HP 3.2L V6 Cylinder Engine Gasoline Fuel,417
270.0HP 3.5L V6 Cylinder Engine Gasoline Fuel,418
270.0HP 4.0L V6 Cylinder Engine Gasoline Fuel,419
270.0HP 4.7L 8 Cylinder Engine Gasoline Fuel,420
270.0HP 4.8L 8 Cylinder Engine Gasoline Fuel,421
271.0HP 2.0L 4 Cylinder Engine Gasoline Fuel,422
271.0HP 2.4L 4 Cylinder Engine Gasoline Fuel,423
271.0HP 3.5L V6 Cylinder Engine Gasoline Fuel,424
271.0HP Electric Motor Electric Fuel System,425
272.0HP 2.0L 4 Cylinder Engine Gasoline Fuel,426
272.0HP 3.0L V6 Cylinder Engine Gasoline Fuel,427
272.0HP 3.5L V6 Cylinder Engine Gasoline Fuel,428
273.0HP 3.7L V6 Cylinder Engine Gasoline Fuel,429
273.0HP 4.7L 8 Cylinder Engine Gasoline Fuel,430
275.0HP 2.0L 4 Cylinder Engine Gasoline Fuel,431
275.0HP 2.3L 4 Cylinder Engine Gasoline Fuel,432
275.0HP 2.7L Flat 6 Cylinder Engine Gasoline Fuel,433
275.0HP 3.5L V6 Cylinder Engine Flex Fuel Capability,434
275.0HP 3.5L V6 Cylinder Engine Gasoline Fuel,435
275.0HP 3.7L V6 Cylinder Engine Flex Fuel Capability,436
275.0HP 3.7L V6 Cylinder Engine Gasoline Fuel,437
275.0HP 4.2L Straight 6 Cylinder Engine Gasoline Fuel,438
275.0HP 4.6L 8 Cylinder Engine Gasoline Fuel,439
275.0HP 4.8L 8 Cylinder Engine Gasoline Fuel,440
276.0HP 2.0L 4 Cylinder Engine Gasoline Fuel,441
276.0HP 3.5L V6 Cylinder Engine Gasoline Fuel,442
276.0HP 3.6L V6 Cylinder Engine Gasoline Fuel,443
277.0HP 3.0L Straight 6 Cylinder Engine Diesel Fuel,444
278.0HP 3.5L V6 Cylinder Engine Gasoline Fuel,445
278.0HP 4.3L 8 Cylinder Engine Gasoline Fuel,446
279.0HP 3.5L V6 Cylinder Engine Gasoline Fuel,447
280.0HP 2.0L 4 Cylinder Engine Gasoline Fuel,448
280.0HP 2.8L V6 Cylinder Engine Gasoline Fuel,449
280.0HP 3.0L V6 Cylinder Engine Gasoline Fuel,450
280.0HP 3.2L Flat 6 Cylinder Engine Gasoline Fuel,451
280.0HP 3.5L V6 Cylinder Engine Gasoline Fuel,452
280.0HP 3.6L V6 Cylinder Engine Gasoline Fuel,453
280.0HP 3.9L 8 Cylinder Engine Gasoline Fuel,454
281.0HP 2.5L 4 Cylinder Engine Gasoline Fuel,455
281.0HP 3.0L Straight 6 Cylinder Engine Gasoline Fuel,456
281.0HP 3.6L V6 Cylinder Engine Gasoline Fuel,457
282.0HP 3.5L V6 Cylinder Engine Flex Fuel Capability,458
282.0HP 4.4L 8 Cylinder Engine Gasoline Fuel,459
282.0HP 4.7L 8 Cylinder Engine Gasoline Fuel,460
283.0HP 3.6L V6 Cylinder Engine Flex Fuel Capability,461
283.0HP 3.6L V6 Cylinder Engine Gasoline Fuel,462
284.0HP 3.5L V6 Cylinder Engine Gasoline Fuel,463
285.0HP 3.6L V6 Cylinder Engine Gasoline Fuel,464
285.0HP 3.6L V6 Cylinder Engine Gasoline/Mild Electric Hybrid,465
285.0HP 4.3L V6 Cylinder Engine Flex Fuel Capability,466
285.0HP 4.8L 8 Cylinder Engine Gasoline Fuel,467
285.0HP 5.3L 8 Cylinder Engine Gasoline Fuel,468
285.0HP 5.7L 8 Cylinder Engine Gasoline Fuel,469
286.0HP 2.0L 4 Cylinder Engine Gasoline Fuel,470
286.0HP 3.5L V6 Cylinder Engine Gasoline Fuel,471
287.0HP 3.5L V6 Cylinder Engine Gasoline Fuel,472
287.0HP 3.6L V6 Cylinder Engine Gasoline Fuel,473
288.0HP 2.0L 4 Cylinder Engine Plug-In Electric/Gas,474
288.0HP 3.6L V6 Cylinder Engine Gasoline Fuel,475
290.0HP 3.3L V6 Cylinder Engine Gasoline Fuel,476
290.0HP 3.5L V6 Cylinder Engine Flex Fuel Capability,477
290.0HP 3.5L V6 Cylinder Engine Gasoline Fuel,478
290.0HP 3.6L V6 Cylinder Engine Flex Fuel Capability,479
290.0HP 3.8L V6 Cylinder Engine Gasoline Fuel,480
290.0HP 4.0L 8 Cylinder Engine Gasoline Fuel,481
290.0HP 4.3L 8 Cylinder Engine Gasoline Fuel,482
290.0HP 7.4L 8 Cylinder Engine Gasoline Fuel,483
290.0HP Electric Motor Electric Fuel System,484
291.0HP 2.0L 4 Cylinder Engine Gasoline Fuel,485
291.0HP 3.8L V6 Cylinder Engine Gasoline Fuel,486
292.0HP 2.0L 4 Cylinder Engine Gasoline Fuel,487
292.0HP 3.6L V6 Cylinder Engine Gasoline Fuel,488
292.0HP 4.6L 8 Cylinder Engine Gasoline Fuel,489
293.0HP 3.6L V6 Cylinder Engine Gasoline Fuel,490
294.0HP 4.2L 8 Cylinder Engine Gasoline Fuel,491
295.0HP 3.4L Flat 6 Cylinder Engine Gasoline Fuel,492
295.0HP 3.5L V6 Cylinder Engine Gas/Electric Hybrid,493
295.0HP 3.5L V6 Cylinder Engine Gasoline Fuel,494
295.0HP 3.6L V6 Cylinder Engine Flex Fuel Capability,495
295.0HP 3.6L V6 Cylinder Engine Gasoline Fuel,496
295.0HP 4.8L 8 Cylinder Engine Gasoline Fuel,497
295.0HP 5.3L 8 Cylinder Engine Flex Fuel Capability,498
295.0HP 5.3L 8 Cylinder Engine Gasoline Fuel,499
295.0HP Electric Motor Electric Fuel System,500
296.0HP 2.0L 4 Cylinder Engine Gasoline Fuel,501
296.0HP 2.0L 4 Cylinder Engine Gasoline/Mild Electric Hybrid,502
298.0HP 3.5L V6 Cylinder Engine Gasoline Fuel,503
3.0 Liter,504
3.0 Liter DOHC Turbo,505
3.0 Liter DOHC Twin Turbo,506
3.0 Liter GTDI,507
3.0 Liter SC ULEV,508
3.0 Liter TFSI,509
3.0 Liter Turbo,510
3.0 Liter Twin Turbo,511
3.0L,512
3.0L H6 24V GDI DOHC Twin Turbo,513
3.0L I6 24V DDI DOHC Turbo Diesel,514
3.0L I6 24V GDI DOHC Turbo,515
3.0L I6 24V GDI DOHC Twin Turbo,516
3.0L V6 24V GDI DOHC Supercharged,517
3.0L V6 24V GDI DOHC Turbo,518
3.0L V6 24V GDI DOHC Twin Turbo,519
3.0L V6 24V PDI DOHC Twin Turbo,520
3.0L V6 Cylinder Engine Diesel Fuel,521
3.2L H6 24V MPFI DOHC,522
3.2L V6 18V MPFI SOHC,523
3.2L V6 24V MPFI DOHC,524
3.3L V6 24V GDI DOHC,525
3.4L H6 24V MPFI DOHC,526
3.4L V6 24V PDI DOHC Twin Turbo,527
3.4L V6 24V PDI DOHC Twin Turbo Hybrid,528
3.5 Liter,529
3.5 Liter DOHC,530
3.5 Liter GTDI,531
3.5 Liter SOHC,532
3.5L 24V SOHC I-VTEC V6,533
3.5L V6 24V GDI DOHC,534
3.5L V6 24V GDI DOHC Twin Turbo,535
3.5L V6 24V GDI SOHC,536
3.5L V6 24V MPFI DOHC,537
3.5L V6 24V PDI DOHC,538
3.5L V6 24V PDI DOHC Hybrid,539
3.5L V6 24V PDI DOHC Twin Turbo,540
3.5L V6 24V PDI DOHC Twin Turbo Hybrid,541
3.6 Liter,542
3.6 Liter DOHC,543
3.6 Liter SIDI DOHC,544
3.6L V6 24V GDI DOHC,545
3.6L V6 24V MPFI DOHC,546
3.6L V6 24V MPFI DOHC Flexible Fuel,547
3.6L V6 24V MPFI DOHC Hybrid,548
3.6L V6 GDI DOHC,549
3.8L H6 24V GDI DOHC Twin Turbo,550
3.8L H6 24V MPFI DOHC,551
3.8L V6 12V MPFI OHV,552
3.8L V6 24V GDI DOHC,553
3.8L V6 24V MPFI DOHC Twin Turbo,554
3.8L V8 32V GDI DOHC Twin Turbo,555
3.8L V8 32V MPFI DOHC Twin Turbo,556
3.9L V8 32V GDI DOHC Twin Turbo,557
300.0HP 1.6L 3 Cylinder Engine Gasoline Fuel,558
300.0HP 2.0L 4 Cylinder Engine Gasoline Fuel,559
300.0HP 2.3L 4 Cylinder Engine Gasoline Fuel,560
300.0HP 2.5L 4 Cylinder Engine Gasoline Fuel,561
300.0HP 2.5L 5 Cylinder Engine Gasoline Fuel,562
300.0HP 3.0L Straight 6 Cylinder Engine Gasoline Fuel,563
300.0HP 3.0L V6 Cylinder Engine Gasoline Fuel,564
300.0HP 3.4L Flat 6 Cylinder Engine Gasoline Fuel,565
300.0HP 3.5L V6 Cylinder Engine Gasoline Fuel,566
300.0HP 3.6L V6 Cylinder Engine Gasoline Fuel,567
300.0HP 3.7L V6 Cylinder Engine Flex Fuel Capability,568
300.0HP 3.7L V6 Cylinder Engine Gasoline Fuel,569
300.0HP 4.2L 8 Cylinder Engine Gasoline Fuel,570
300.0HP 4.3L 8 Cylinder Engine Gasoline Fuel,571
300.0HP 4.4L 8 Cylinder Engine Gasoline Fuel,572
300.0HP 4.6L 8 Cylinder Engine Gasoline Fuel,573
300.0HP 5.3L 8 Cylinder Engine Gasoline Fuel,574
300.0HP 5.4L 8 Cylinder Engine Gasoline Fuel,575
300.0HP 5.7L 8 Cylinder Engine Gasoline Fuel,576
300.0HP 6.0L 8 Cylinder Engine Gasoline Fuel,577
300.0HP 6.6L 8 Cylinder Engine Diesel Fuel,578
301.0HP 3.6L V6 Cylinder Engine Gasoline Fuel,579
301.0HP 4.6L 8 Cylinder Engine Gasoline Fuel,580
302.0HP 2.5L 4 Cylinder Engine Plug-In Electric/Gas,581
302.0HP 3.5L V6 Cylinder Engine Flex Fuel Capability,582
302.0HP 3.5L V6 Cylinder Engine Gasoline Fuel,583
302.0HP 4.6L 8 Cylinder Engine Gasoline Fuel,584
302.0HP 5.0L 8 Cylinder Engine Gasoline Fuel,585
303.0HP 3.4L Flat 6 Cylinder Engine Gasoline Fuel,586
303.0HP 3.5L V6 Cylinder Engine Gasoline Fuel,587
303.0HP 3.6L V6 Cylinder Engine Gasoline Fuel,588
303.0HP 3.7L V6 Cylinder Engine Gasoline Fuel,589
303.0HP 5.3L 8 Cylinder Engine Gasoline Fuel,590
304.0HP 3.6L V6 Cylinder Engine Gasoline Fuel,591
305.0HP 2.5L 4 Cylinder Engine Gasoline Fuel,592
305.0HP 3.6L V6 Cylinder Engine Flex Fuel Capability,593
305.0HP 3.6L V6 Cylinder Engine Gasoline Fuel,594
305.0HP 3.6L V6 Cylinder Engine Gasoline/Mild Electric Hybrid,595
305.0HP 3.7L V6 Cylinder Engine Gasoline Fuel,596
305.0HP 5.6L 8 Cylinder Engine Gasoline Fuel,597
305.0HP 5.7L 8 Cylinder Engine Gasoline Fuel,598
305.0HP 6.8L 10 Cylinder Engine Gasoline Fuel,599
306.0HP 2.0L 4 Cylinder Engine Gasoline Fuel,600
306.0HP 3.0L Straight 6 Cylinder Engine Gasoline Fuel,601
306.0HP 3.5L V6 Cylinder Engine Gas/Electric Hybrid,602
306.0HP 3.5L V6 Cylinder Engine Gasoline Fuel,603
306.0HP 3.8L V6 Cylinder Engine Gasoline Fuel,604
308.0HP 3.5L V6 Cylinder Engine Gas/Electric Hybrid,605
308.0HP 3.6L V6 Cylinder Engine Flex Fuel Capability,606
308.0HP 3.6L V6 Cylinder Engine Gasoline Fuel,607
310.0HP 2.3L 4 Cylinder Engine Gasoline Fuel,608
310.0HP 2.7L 4 Cylinder Engine Gasoline Fuel,609
310.0HP 3.0L V6 Cylinder Engine Gasoline Fuel,610
310.0HP 3.5L V6 Cylinder Engine Gasoline Fuel,611
310.0HP 3.6L V6 Cylinder Engine Gasoline Fuel,612
310.0HP 4.6L 8 Cylinder Engine Gasoline Fuel,613
310.0HP 4.7L 8 Cylinder Engine Flex Fuel Capability,614
310.0HP 5.3L 8 Cylinder Engine Flex Fuel Capability,615
310.0HP 5.4L 8 Cylinder Engine Flex Fuel Capability,616
310.0HP 5.7L 8 Cylinder Engine Gasoline Fuel,617
310.0HP 6.8L 10 Cylinder Engine Gasoline Fuel,618
311.0HP 3.5L V6 Cylinder Engine Gasoline Fuel,619
311.0HP 3.8L V6 Cylinder Engine Gasoline Fuel,620
312.0HP 3.6L V6 Cylinder Engine Gasoline Fuel,621
313.0HP 2.0L 4 Cylinder Engine Plug-In Electric/Gas,622
315.0HP 2.0L 4 Cylinder Engine Gasoline Fuel,623
315.0HP 2.7L V6 Cylinder Engine Gasoline Fuel,624
315.0HP 3.0L Straight 6 Cylinder Engine Gasoline Fuel,625
315.0HP 3.6L Flat 6 Cylinder Engine Gasoline Fuel,626
315.0HP 4.6L 8 Cylinder Engine Gasoline Fuel,627
315.0HP 5.3L 8 Cylinder Engine Flex Fuel Capability,628
316.0HP 2.0L 4 Cylinder Engine Gasoline Fuel,629
316.0HP 6.0L 8 Cylinder Engine Gasoline Fuel,630
316.0HP 6.2L 8 Cylinder Engine Flex Fuel Capability,631
317.0HP 5.6L 8 Cylinder Engine Flex Fuel Capability,632
317.0HP 5.6L 8 Cylinder Engine Gasoline Fuel,633
318.0HP 3.3L V6 Cylinder Engine Gas/Electric Hybrid,634
318.0HP 3.6L V6 Cylinder Engine Gasoline Fuel,635
319.0HP 6.0L 8 Cylinder Engine Gasoline Fuel,636
320.0HP 3.0L Straight 6 Cylinder Engine Gasoline Fuel,637
320.0HP 3.6L Flat 6 Cylinder Engine Gasoline Fuel,638
320.0HP 4.6L 8 Cylinder Engine Gasoline Fuel,639
320.0HP 5.3L 8 Cylinder Engine Flex Fuel Capability,640
320.0HP 5.3L 8 Cylinder Engine Gasoline Fuel,641
320.0HP Electric Motor Electric Fuel System,642
321.0HP 3.0L V6 Cylinder Engine Gas/Electric Hybrid,643
321.0HP 3.6L V6 Cylinder Engine Gasoline Fuel,644
321.0HP Electric Motor Electric Fuel System,645
322.0HP 2.0L 4 Cylinder Engine Plug-In Electric/Gas,646
323.0HP 3.6L V6 Cylinder Engine Gasoline Fuel,647
323.0HP 6.0L 8 Cylinder Engine Gasoline Fuel,648
324.0HP 6.0L 8 Cylinder Engine Flex Fuel Capability,649
325.0HP 2.0L 4 Cylinder Engine Gasoline/Mild Electric Hybrid,650
325.0HP 2.7L V6 Cylinder Engine Gasoline Fuel,651
325.0HP 2.9L V6 Cylinder Engine Gasoline Fuel,652
325.0HP 3.0L Straight 6 Cylinder Engine Gasoline Fuel,653
325.0HP 3.4L Flat 6 Cylinder Engine Gasoline Fuel,654
325.0HP 3.6L Flat 6 Cylinder Engine Gasoline Fuel,655
325.0HP 3.7L V6 Cylinder Engine Gasoline Fuel,656
325.0HP 5.7L 8 Cylinder Engine Gasoline Fuel,657
325.0HP 6.0L 8 Cylinder Engine Diesel Fuel,658
325.0HP 6.0L 8 Cylinder Engine Gasoline Fuel,659
325.0HP 8.1L 8 Cylinder Engine Gasoline Fuel,660
326.0HP 3.0L Straight 6 Cylinder Engine Gasoline Fuel,661
326.0HP 5.4L 12 Cylinder Engine Gasoline Fuel,662
328.0HP 3.7L V6 Cylinder Engine Gasoline Fuel,663
329.0HP 3.0L V6 Cylinder Engine Gasoline Fuel,664
329.0HP Electric Motor Electric Fuel System,665
330.0HP 2.0L 4 Cylinder Engine Gasoline Fuel,666
330.0HP 3.0L V6 Cylinder Engine Gasoline Fuel,667
330.0HP 3.4L Flat 6 Cylinder Engine Gasoline Fuel,668
330.0HP 3.7L V6 Cylinder Engine Gasoline Fuel,669
330.0HP 5.7L 8 Cylinder Engine Gasoline Fuel,670
332.0HP 3.7L V6 Cylinder Engine Gasoline Fuel,671
332.0HP 6.0L 8 Cylinder Engine Gas/Electric Hybrid,672
333.0HP 3.0L V6 Cylinder Engine Gasoline Fuel,673
333.0HP 3.2L Straight 6 Cylinder Engine Gasoline Fuel,674
335.0HP 2.7L V6 Cylinder Engine Gasoline Fuel,675
335.0HP 3.0L Straight 6 Cylinder Engine Gasoline Fuel,676
335.0HP 3.0L Straight 6 Cylinder Engine Gasoline/Mild Electric Hybrid,677
335.0HP 3.0L V6 Cylinder Engine Gasoline Fuel,678
335.0HP 3.0L V6 Cylinder Engine Gasoline/Mild Electric Hybrid,679
335.0HP 3.6L V6 Cylinder Engine Gasoline Fuel,680
335.0HP 4.6L 8 Cylinder Engine Gasoline Fuel,681
335.0HP 4.7L 8 Cylinder Engine Gasoline Fuel,682
335.0HP 5.7L 8 Cylinder Engine Gasoline Fuel,683
335.0HP 6.6L 8 Cylinder Engine Diesel Fuel,684
340.0HP 3.0L V6 Cylinder Engine Flex Fuel Capability,685
340.0HP 3.0L V6 Cylinder Engine Gasoline Fuel,686
340.0HP 3.4L Flat 6 Cylinder Engine Gasoline Fuel,687
340.0HP 4.2L 8 Cylinder Engine Gasoline Fuel,688
340.0HP 5.7L 8 Cylinder Engine Gasoline Fuel,689
340.0HP 8.1L 8 Cylinder Engine Gasoline Fuel,690
341.0HP 6.0L 8 Cylinder Engine Flex Fuel Capability,691
342.0HP 6.0L 8 Cylinder Engine Flex Fuel Capability,692
344.0HP 3.8L V6 Cylinder Engine Gasoline Fuel,693
345.0HP 3.0L V6 Cylinder Engine Gasoline Fuel,694
345.0HP 3.6L Flat 6 Cylinder Engine Gasoline Fuel,695
345.0HP 5.7L 8 Cylinder Engine Gasoline Fuel,696
345.0HP 6.0L 8 Cylinder Engine Gasoline Fuel,697
346.0HP Electric Motor Electric Fuel System,698
348.0HP 3.0L V6 Cylinder Engine Gasoline Fuel,699
348.0HP 3.8L V6 Cylinder Engine Gasoline Fuel,700
349.0HP 3.0L V6 Cylinder Engine Gasoline Fuel,701
350.0HP 2.3L 4 Cylinder Engine Gasoline Fuel,702
350.0HP 2.5L 4 Cylinder Engine Gasoline Fuel,703
350.0HP 3.4L Flat 6 Cylinder Engine Gasoline Fuel,704
350.0HP 3.7L V6 Cylinder Engine Gasoline Fuel,705
350.0HP 5.7L 8 Cylinder Engine Gasoline Fuel,706
350.0HP 6.4L 8 Cylinder Engine Diesel Fuel,707
350.0HP 6.7L Straight 6 Cylinder Engine Diesel Fuel,708
353.0HP 6.0L 8 Cylinder Engine Gasoline Fuel,709
354.0HP 3.0L V6 Cylinder Engine Gasoline Fuel,710
354.0HP 3.5L V6 Cylinder Engine Gas/Electric Hybrid,711
354.0HP 4.2L 8 Cylinder Engine Gasoline Fuel,712
355.0HP 2.0L 4 Cylinder Engine Gasoline Fuel,713
355.0HP 3.0L Straight 6 Cylinder Engine Gasoline/Mild Electric Hybrid,714
355.0HP 3.0L V6 Cylinder Engine Gasoline Fuel,715
355.0HP 3.8L Flat 6 Cylinder Engine Gasoline Fuel,716
355.0HP 5.3L 8 Cylinder Engine Flex Fuel Capability,717
355.0HP 5.3L 8 Cylinder Engine Gasoline Fuel,718
355.0HP 5.7L 8 Cylinder Engine Gasoline Fuel,719
355.0HP 6.0L 8 Cylinder Engine Gasoline Fuel,720
355.0HP Electric Motor Electric Fuel System,721
357.0HP 1.5L 3 Cylinder Engine Plug-In Electric/Gas,722
360.0HP 2.5L 5 Cylinder Engine Gasoline Fuel,723
360.0HP 3.5L V6 Cylinder Engine Gas/Electric Hybrid,724
360.0HP 4.2L 8 Cylinder Engine Gasoline Fuel,725
360.0HP 4.6L 8 Cylinder Engine Gasoline Fuel,726
360.0HP 4.8L 8 Cylinder Engine Gasoline Fuel,727
360.0HP 5.7L 8 Cylinder Engine Gasoline Fuel,728
360.0HP 6.0L 8 Cylinder Engine Flex Fuel Capability,729
360.0HP 6.6L 8 Cylinder Engine Diesel Fuel,730
362.0HP 3.0L Straight 6 Cylinder Engine Gasoline/Mild Electric Hybrid,731
362.0HP 3.0L V6 Cylinder Engine Gasoline Fuel,732
362.0HP 4.6L 8 Cylinder Engine Gasoline Fuel,733
362.0HP 5.4L 8 Cylinder Engine Gasoline Fuel,734
362.0HP Electric Motor Electric Fuel System,735
363.0HP 5.7L 8 Cylinder Engine Gasoline Fuel,736
365.0HP 2.5L 4 Cylinder Engine Gasoline Fuel,737
365.0HP 3.0L Straight 6 Cylinder Engine Gasoline Fuel,738
365.0HP 3.3L V6 Cylinder Engine Gasoline Fuel,739
365.0HP 3.5L V6 Cylinder Engine Gasoline Fuel,740
366.0HP 6.0L 8 Cylinder Engine Gasoline Fuel,741
369.0HP 1.5L 3 Cylinder Engine Plug-In Electric/Gas,742
369.0HP 3.0L Straight 6 Cylinder Engine Gasoline/Mild Electric Hybrid,743
370.0HP 5.7L 8 Cylinder Engine Gasoline Fuel,744
370.0HP 6.7L Straight 6 Cylinder Engine Diesel Fuel,745
372.0HP 5.7L 8 Cylinder Engine Gasoline Fuel,746
375.0HP 2.0L 4 Cylinder Engine Gasoline Fuel,747
375.0HP 2.0L 4 Cylinder Engine Plug-In Electric/Gas,748
375.0HP 2.9L V6 Cylinder Engine Gasoline Fuel,749
375.0HP 3.0L Straight 6 Cylinder Engine Gasoline/Mild Electric Hybrid,750
375.0HP 3.5L V6 Cylinder Engine Gasoline Fuel,751
375.0HP 5.0L 8 Cylinder Engine Gasoline Fuel,752
375.0HP 5.6L 8 Cylinder Engine Gasoline Fuel,753
375.0HP 5.7L 8 Cylinder Engine Gasoline Fuel,754
375.0HP Electric Motor Electric Fuel System,755
378.0HP 4.6L 8 Cylinder Engine Gasoline Fuel,756
379.0HP 3.0L Flat 6 Cylinder Engine Gasoline Fuel,757
380.0HP 3.0L V6 Cylinder Engine Gasoline Fuel,758
380.0HP 3.5L V6 Cylinder Engine Gasoline Fuel,759
380.0HP 4.3L 8 Cylinder Engine Gasoline Fuel,760
380.0HP 4.6L 8 Cylinder Engine Gasoline Fuel,761
380.0HP 5.4L 8 Cylinder Engine Gasoline Fuel,762
381.0HP 5.7L 8 Cylinder Engine Flex Fuel Capability,763
381.0HP 5.7L 8 Cylinder Engine Gasoline Fuel,764
382.0HP 2.0L 4 Cylinder Engine Gasoline Fuel,765
382.0HP 3.0L Straight 6 Cylinder Engine Gasoline Fuel,766
382.0HP 3.0L Straight 6 Cylinder Engine Gasoline/Mild Electric Hybrid,767
382.0HP 5.5L 8 Cylinder Engine Gasoline Fuel,768
383.0HP 5.7L 8 Cylinder Engine Gasoline Fuel,769
385.0HP 3.0L V6 Cylinder Engine Gasoline Fuel,770
385.0HP 3.8L Flat 6 Cylinder Engine Gasoline Fuel,771
385.0HP 5.0L 8 Cylinder Engine Flex Fuel Capability,772
385.0HP 5.0L 8 Cylinder Engine Gasoline Fuel,773
385.0HP 6.2L 8 Cylinder Engine Flex Fuel Capability,774
385.0HP 6.7L Straight 6 Cylinder Engine Diesel Fuel,775
386.0HP 4.6L 8 Cylinder Engine Gasoline Fuel,776
389.0HP 3.0L Straight 6 Cylinder Engine Plug-In Electric/Gas,777
389.0HP 3.4L V6 Cylinder Engine Gasoline Fuel,778
390.0HP 4.2L 8 Cylinder Engine Gasoline Fuel,779
390.0HP 4.6L 8 Cylinder Engine Gasoline Fuel,780
390.0HP 5.0L 8 Cylinder Engine Gasoline Fuel,781
390.0HP 5.6L 8 Cylinder Engine Gasoline Fuel,782
390.0HP 5.7L 8 Cylinder Engine Gasoline Fuel,783
390.0HP 6.0L 8 Cylinder Engine Gasoline Fuel,784
393.0HP 6.2L 8 Cylinder Engine Gasoline Fuel,785
394.0HP 4.2L 8 Cylinder Engine Gasoline Fuel,786
395.0HP 3.0L Straight 6 Cylinder Engine Gasoline/Mild Electric Hybrid,787
395.0HP 5.0L 8 Cylinder Engine Flex Fuel Capability,788
395.0HP 5.7L 8 Cylinder Engine Gasoline Fuel,789
395.0HP 5.7L 8 Cylinder Engine Gasoline/Mild Electric Hybrid,790
395.0HP 6.0L 8 Cylinder Engine Gasoline Fuel,791
397.0HP 6.6L 8 Cylinder Engine Diesel Fuel,792
4.0 Liter,793
4.0 Liter TFSI,794
4.0 Liter Turbo,795
4.0 Liter Twin Turbo,796
4.0L,797
4.0L H6 24V GDI DOHC,798
4.0L V6 24V MPFI DOHC,799
4.0L V8 32V GDI DOHC Twin Turbo,800
4.0L V8 32V MPFI DOHC Twin Turbo,801
4.2L V8 32V GDI DOHC,802
4.2L V8 32V GDI DOHC Twin Turbo,803
4.4 Liter,804
4.4 Liter DOHC Twin Turbo,805
4.4 Liter GDI DOHC Twin Turbo,806
4.4 Liter Twin Turbo,807
4.4L V8 32V GDI DOHC Twin Turbo,808
4.6 Liter,809
4.6L V8 32V MPFI DOHC,810
4.7 Liter Twin Turbo,811
4.7L 8 Cylinder Engine Gasoline Fuel,812
400.0HP 2.0L 4 Cylinder Engine Plug-In Electric/Gas,813
400.0HP 2.5L 5 Cylinder Engine Gasoline Fuel,814
400.0HP 3.0L V6 Cylinder Engine Gasoline Fuel,815
400.0HP 3.5L V6 Cylinder Engine Gasoline Fuel,816
400.0HP 3.6L V6 Cylinder Engine Gasoline Fuel,817
400.0HP 3.8L Flat 6 Cylinder Engine Gasoline Fuel,818
400.0HP 4.2L 8 Cylinder Engine Gasoline Fuel,819
400.0HP 4.4L 8 Cylinder Engine Gasoline Fuel,820
400.0HP 4.8L 8 Cylinder Engine Gasoline Fuel,821
400.0HP 5.0L 8 Cylinder Engine Gasoline Fuel,822
400.0HP 5.6L 8 Cylinder Engine Gasoline Fuel,823
400.0HP 6.0L 8 Cylinder Engine Gasoline Fuel,824
400.0HP 6.2L 8 Cylinder Engine Gasoline Fuel,825
400.0HP 6.75L 8 Cylinder Engine Gasoline Fuel,826
400.0HP 6.7L 8 Cylinder Engine Diesel Fuel,827
400.0HP 6.7L Straight 6 Cylinder Engine Diesel Fuel,828
401.0HP 2.5L 5 Cylinder Engine Gasoline Fuel,829
401.0HP 6.6L 8 Cylinder Engine Gasoline Fuel,830
402.0HP 4.6L 8 Cylinder Engine Gasoline Fuel,831
402.0HP 4.7L 8 Cylinder Engine Gasoline Fuel,832
402.0HP Electric Motor Electric Fuel System,833
403.0HP 2.0L Electric Motor Electric Fuel System,834
403.0HP 6.2L 8 Cylinder Engine Flex Fuel Capability,835
403.0HP 6.2L 8 Cylinder Engine Gasoline Fuel,836
404.0HP 3.0L V6 Cylinder Engine Gasoline Fuel,837
405.0HP 3.0L Straight 6 Cylinder Engine Gasoline Fuel,838
405.0HP 3.0L V6 Cylinder Engine Gasoline Fuel,839
405.0HP 4.2L 8 Cylinder Engine Gasoline Fuel,840
405.0HP 4.8L 8 Cylinder Engine Gasoline Fuel,841
405.0HP 5.7L 8 Cylinder Engine Gasoline Fuel,842
407.0HP 4.4L 8 Cylinder Engine Gasoline Fuel,843
409.0HP 3.4L V6 Cylinder Engine Gasoline Fuel,844
410.0HP 6.4L 8 Cylinder Engine Gasoline Fuel,845
411.0HP 6.2L 8 Cylinder Engine Gasoline Fuel,846
412.0HP 5.0L 8 Cylinder Engine Gasoline Fuel,847
414.0HP 4.0L 8 Cylinder Engine Gasoline Fuel,848
414.0HP 4.0L Flat 6 Cylinder Engine Gasoline Fuel,849
415.0HP 3.6L Flat 6 Cylinder Engine Gasoline Fuel,850
416.0HP 3.0L V6 Cylinder Engine Plug-In Electric/Gas,851
416.0HP 3.5L V6 Cylinder Engine Gasoline Fuel,852
416.0HP 4.0L 8 Cylinder Engine Gasoline Fuel,853
416.0HP 5.0L 8 Cylinder Engine Gasoline Fuel,854
416.0HP Electric Motor Electric Fuel System,855
417.0HP Electric Motor Electric Fuel System,856
420.0HP 3.0L Flat 6 Cylinder Engine Gasoline Fuel,857
420.0HP 3.6L V6 Cylinder Engine Gasoline Fuel,858
420.0HP 4.0L 8 Cylinder Engine Gasoline Fuel,859
420.0HP 4.2L 8 Cylinder Engine Gasoline Fuel,860
420.0HP 4.7L 8 Cylinder Engine Gasoline Fuel,861
420.0HP 4.8L 8 Cylinder Engine Gasoline Fuel,862
420.0HP 5.0L 8 Cylinder Engine Gasoline Fuel,863
420.0HP 5.6L 8 Cylinder Engine Gasoline Fuel,864
420.0HP 5.9L 12 Cylinder Engine Gasoline Fuel,865
420.0HP 6.2L 8 Cylinder Engine Gasoline Fuel,866
422.0HP Electric Motor Electric Fuel System,867
424.0HP 3.0L V6 Cylinder Engine Gasoline Fuel,868
425.0HP 3.0L Straight 6 Cylinder Engine Gasoline Fuel,869
425.0HP 4.7L 8 Cylinder Engine Gasoline Fuel,870
425.0HP 6.1L 8 Cylinder Engine Gasoline Fuel,871
425.0HP Electric Motor Electric Fuel System,872
426.0HP 6.2L 8 Cylinder Engine Gasoline Fuel,873
429.0HP 3.0L Straight 6 Cylinder Engine Gasoline/Mild Electric Hybrid,874
429.0HP 4.6L 8 Cylinder Engine Gasoline Fuel,875
429.0HP 4.7L 8 Cylinder Engine Gasoline Fuel,876
429.0HP 5.0L 8 Cylinder Engine Gasoline Fuel,877
430.0HP 3.5L V6 Cylinder Engine Gas/Electric Hybrid,878
430.0HP 3.8L Flat 6 Cylinder Engine Gasoline Fuel,879
430.0HP 4.7L 8 Cylinder Engine Gasoline Fuel,880
430.0HP 6.2L 8 Cylinder Engine Gasoline Fuel,881
430.0HP 7.3L 8 Cylinder Engine Gasoline Fuel,882
435.0HP 5.0L 8 Cylinder Engine Gasoline Fuel,883
437.0HP 3.4L V6 Cylinder Engine Gas/Electric Hybrid,884
440.0HP 2.9L V6 Cylinder Engine Gasoline Fuel,885
440.0HP 3.5L V6 Cylinder Engine Gasoline Fuel,886
440.0HP 3.6L V6 Cylinder Engine Gasoline Fuel,887
440.0HP 4.7L 8 Cylinder Engine Gasoline Fuel,888
440.0HP 4.8L 8 Cylinder Engine Gasoline Fuel,889
440.0HP 6.7L 8 Cylinder Engine Diesel Fuel,890
443.0HP 3.0L Flat 6 Cylinder Engine Gasoline Fuel,891
443.0HP 4.4L 8 Cylinder Engine Gasoline Fuel,892
444.0HP 2.9L V6 Cylinder Engine Gasoline Fuel,893
444.0HP 2.9L V6 Cylinder Engine Gasoline/Mild Electric Hybrid,894
444.0HP 3.0L Straight 6 Cylinder Engine Gasoline Fuel,895
444.0HP 4.7L 8 Cylinder Engine Gasoline Fuel,896
444.0HP 5.0L 8 Cylinder Engine Gasoline Fuel,897
445.0HP 4.4L 8 Cylinder Engine Gasoline Fuel,898
445.0HP 6.6L 8 Cylinder Engine Diesel Fuel,899
449.0HP 4.7L 8 Cylinder Engine Gasoline Fuel,900
450.0HP 3.0L Flat 6 Cylinder Engine Gasoline Fuel,901
450.0HP 3.5L V6 Cylinder Engine Gasoline Fuel,902
450.0HP 4.0L 8 Cylinder Engine Gasoline Fuel,903
450.0HP 4.2L 8 Cylinder Engine Gasoline Fuel,904
450.0HP 4.5L 8 Cylinder Engine Gasoline Fuel,905
450.0HP 6.7L 8 Cylinder Engine Diesel Fuel,906
451.0HP 6.2L 8 Cylinder Engine Gasoline Fuel,907
451.0HP 6.3L 8 Cylinder Engine Gasoline Fuel,908
453.0HP 3.0L Straight 6 Cylinder Engine Gasoline Fuel,909
453.0HP 4.0L 8 Cylinder Engine Gasoline Fuel,910
454.0HP 4.7L 8 Cylinder Engine Gasoline Fuel,911
455.0HP 2.0L 4 Cylinder Engine Plug-In Electric/Gas,912
455.0HP 6.2L 8 Cylinder Engine Gasoline Fuel,913
455.0HP Electric Motor Electric Fuel System,914
456.0HP 4.0L 8 Cylinder Engine Gasoline Fuel,915
456.0HP 4.4L 8 Cylinder Engine Gasoline Fuel,916
460.0HP 5.0L 8 Cylinder Engine Gasoline Fuel,917
460.0HP 6.2L 8 Cylinder Engine Gasoline Fuel,918
463.0HP 4.0L 8 Cylinder Engine Gasoline Fuel,919
467.0HP 5.0L 8 Cylinder Engine Gasoline Fuel,920
469.0HP 4.0L 8 Cylinder Engine Gasoline Fuel,921
469.0HP 5.4L 8 Cylinder Engine Gasoline Fuel,922
470.0HP 6.4L 8 Cylinder Engine Gasoline Fuel,923
471.0HP 5.0L 8 Cylinder Engine Gasoline Fuel,924
471.0HP 6.4L 8 Cylinder Engine Gasoline Fuel,925
473.0HP 3.0L Flat 6 Cylinder Engine Gasoline Fuel,926
473.0HP 3.0L Straight 6 Cylinder Engine Gasoline Fuel,927
475.0HP 3.8L Flat 6 Cylinder Engine Gasoline Fuel,928
475.0HP 6.4L 8 Cylinder Engine Gasoline Fuel,929
475.0HP 6.7L 8 Cylinder Engine Diesel Fuel,930
480.0HP 3.6L Flat 6 Cylinder Engine Gasoline Fuel,931
480.0HP 3.8L V6 Cylinder Engine Gasoline Fuel,932
480.0HP 5.0L 8 Cylinder Engine Gasoline Fuel,933
480.0HP Electric Motor Electric Fuel System,934
482.0HP Electric Motor Electric Fuel System,935
483.0HP 4.3L 8 Cylinder Engine Gasoline Fuel,936
485.0HP 3.8L V6 Cylinder Engine Gasoline Fuel,937
485.0HP 6.4L 8 Cylinder Engine Gasoline Fuel,938
490.0HP 6.2L 8 Cylinder Engine Gasoline Fuel,939
493.0HP 5.0L 10 Cylinder Engine Gasoline Fuel,940
493.0HP 5.5L 12 Cylinder Engine Gasoline Fuel,941
495.0HP 5.0L 8 Cylinder Engine Gasoline Fuel,942
496.0HP 4.0L 8 Cylinder Engine Gasoline/Mild Electric Hybrid,943
5.0 Liter,944
5.0L 8 Cylinder,945
5.0L V8 32V GDI DOHC Supercharged,946
5.0L V8 32V PDI DOHC,947
5.2L V10 40V GDI DOHC,948
5.2L V10 40V PDI DOHC,949
5.2L V12 48V GDI DOHC Twin Turbo,950
5.3 Liter,951
5.3L V8 16V GDI OHV,952
5.3L V8 16V MPFI OHV Flexible Fuel,953
5.4 Liter,954
5.4 Liter SC DOHC,955
5.5 Liter,956
5.6 Liter,957
5.6L V8 32V GDI DOHC,958
5.7 Liter,959
5.7L V8 16V MPFI OHV,960
5.7L V8 32V MPFI DOHC,961
5.8L V8 32V MPFI DOHC Supercharged,962
500.0HP 4.0L 8 Cylinder Engine Gasoline Fuel,963
500.0HP 4.0L Flat 6 Cylinder Engine Gasoline Fuel,964
500.0HP 4.8L 8 Cylinder Engine Gasoline Fuel,965
500.0HP 5.0L 10 Cylinder Engine Gasoline Fuel,966
500.0HP 5.4L 8 Cylinder Engine Gasoline Fuel,967
500.0HP 8.3L 10 Cylinder Engine Gasoline Fuel,968
500.0HP Electric Motor Electric Fuel System,969
502.0HP 4.0L Flat 6 Cylinder Engine Gasoline Fuel,970
503.0HP 3.0L Straight 6 Cylinder Engine Gasoline Fuel,971
503.0HP 4.0L 8 Cylinder Engine Gasoline Fuel,972
505.0HP 2.9L V6 Cylinder Engine Gasoline Fuel,973
505.0HP 7.0L 8 Cylinder Engine Gasoline Fuel,974
510.0HP 5.0L 8 Cylinder Engine Flex Fuel Capability,975
510.0HP 5.0L 8 Cylinder Engine Gasoline Fuel,976
510.0HP 5.5L 12 Cylinder Engine Gasoline Fuel,977
518.0HP 5.0L 8 Cylinder Engine Gasoline Fuel,978
518.0HP 6.2L 8 Cylinder Engine Gasoline Fuel,979
518.0HP 6.3L 8 Cylinder Engine Gasoline Fuel,980
518.0HP Electric Motor Electric Fuel System,981
520.0HP 4.8L 8 Cylinder Engine Gasoline Fuel,982
521.0HP 4.0L 8 Cylinder Engine Gasoline Fuel,983
523.0HP 4.4L 8 Cylinder Engine Gasoline Fuel,984
523.0HP 6.0L 12 Cylinder Engine Gasoline Fuel,985
525.0HP 5.2L 10 Cylinder Engine Gasoline Fuel,986
526.0HP 5.2L 8 Cylinder Engine Gasoline Fuel,987
533.0HP Electric Motor Electric Fuel System,988
534.0HP Electric Motor Electric Fuel System,989
536.0HP 5.5L 8 Cylinder Engine Gasoline Fuel,990
536.0HP Electric Motor Electric Fuel System,991
540.0HP 3.8L Flat 6 Cylinder Engine Gasoline Fuel,992
540.0HP 4.4L 8 Cylinder Engine Gasoline Fuel,993
540.0HP 5.4L 8 Cylinder Engine Gasoline Fuel,994
542.0HP 4.0L 8 Cylinder Engine Gasoline Fuel,995
543.0HP 3.0L Straight 6 Cylinder Engine Gasoline Fuel,996
543.0HP 5.5L 12 Cylinder Engine Gasoline Fuel,997
545.0HP 3.8L V6 Cylinder Engine Gasoline Fuel,998
550.0HP 4.0L 8 Cylinder Engine Gasoline Fuel,999
550.0HP 4.8L 8 Cylinder Engine Gasoline Fuel,1000
550.0HP 5.0L 8 Cylinder Engine Flex Fuel Capability,1001
550.0HP 5.0L 8 Cylinder Engine Gasoline Fuel,1002
550.0HP 5.2L 10 Cylinder Engine Gasoline Fuel,1003
550.0HP 5.4L 8 Cylinder Engine Gasoline Fuel,1004
550.0HP 5.5L 8 Cylinder Engine Gasoline Fuel,1005
550.0HP 6.0L 12 Cylinder Engine Gasoline Fuel,1006
552.0HP 6.0L 12 Cylinder Engine Flex Fuel Capability,1007
552.0HP 6.0L 12 Cylinder Engine Gasoline Fuel,1008
553.0HP 3.9L 8 Cylinder Engine Gasoline Fuel,1009
555.0HP 4.4L 8 Cylinder Engine Gasoline Fuel,1010
556.0HP 6.2L 8 Cylinder Engine Gasoline Fuel,1011
557.0HP 5.0L 8 Cylinder Engine Gasoline Fuel,1012
557.0HP Electric Motor Electric Fuel System,1013
560.0HP 4.0L 8 Cylinder Engine Gasoline Fuel,1014
560.0HP 4.4L 8 Cylinder Engine Gasoline Fuel,1015
560.0HP 5.2L 10 Cylinder Engine Gasoline Fuel,1016
562.0HP 3.8L 8 Cylinder Engine Gasoline Fuel,1017
562.0HP 5.2L 10 Cylinder Engine Gasoline Fuel,1018
563.0HP 5.5L 8 Cylinder Engine Gasoline Fuel,1019
563.0HP 6.6L 12 Cylinder Engine Gasoline Fuel,1020
563.0HP 6.7L 12 Cylinder Engine Gasoline Fuel,1021
563.0HP Electric Motor Electric Fuel System,1022
565.0HP 3.8L V6 Cylinder Engine Gasoline Fuel,1023
567.0HP 4.4L 8 Cylinder Engine Gasoline Fuel,1024
567.0HP 6.0L 12 Cylinder Engine Flex Fuel Capability,1025
571.0HP 6.2L 12 Cylinder Engine Gasoline Fuel,1026
572.0HP 3.8L Flat 6 Cylinder Engine Gasoline Fuel,1027
573.0HP 5.2L 10 Cylinder Engine Gasoline Fuel,1028
575.0HP 5.0L 8 Cylinder Engine Gasoline Fuel,1029
577.0HP 4.0L 8 Cylinder Engine Gasoline Fuel,1030
577.0HP 5.5L 8 Cylinder Engine Gasoline Fuel,1031
580.0HP 3.8L Flat 6 Cylinder Engine Gasoline Fuel,1032
582.0HP 6.0L 12 Cylinder Engine Gasoline Fuel,1033
591.0HP 4.0L 8 Cylinder Engine Gasoline Fuel,1034
591.0HP 4.0L 8 Cylinder Engine Gasoline/Mild Electric Hybrid,1035
6.0L 8 Cylinder Engine Gasoline Fuel,1036
6.0L V8 16V MPFI OHV,1037
6.0L V8 16V MPFI OHV Flexible Fuel,1038
6.0L W12 48V PDI DOHC Twin Turbo,1039
6.2 Liter,1040
6.2L V8 16V GDI OHV,1041
6.2L V8 16V GDI OHV Supercharged,1042
6.2L V8 16V MPFI SOHC Flexible Fuel,1043
6.2L V8 32V MPFI DOHC,1044
6.3L V12 48V GDI DOHC,1045
6.4 Liter,1046
6.4L V8 16V MPFI OHV,1047
6.4L V8 32V DDI OHV Twin Turbo Diesel,1048
6.5L V12 48V MPFI DOHC,1049
6.6 Liter Twin Turbo,1050
6.6L V8 16V GDI OHV,1051
6.6L V8 32V DDI OHV Turbo Diesel,1052
6.7L I6 24V DDI OHV Turbo Diesel,1053
6.7L V12 48V GDI DOHC Twin Turbo,1054
6.7L V8 32V DDI OHV Turbo Diesel,1055
6.8L V12 48V GDI DOHC,1056
6.8L V12 48V GDI DOHC Twin Turbo,1057
600.0HP 4.4L 8 Cylinder Engine Gasoline Fuel,1058
600.0HP 6.0L 12 Cylinder Engine Gasoline Fuel,1059
601.0HP 6.6L 12 Cylinder Engine Gasoline Fuel,1060
602.0HP 3.9L 8 Cylinder Engine Gasoline Fuel,1061
602.0HP 5.2L 10 Cylinder Engine Gasoline Fuel,1062
603.0HP 4.0L 8 Cylinder Engine Gasoline Fuel,1063
603.0HP 4.0L 8 Cylinder Engine Gasoline/Mild Electric Hybrid,1064
605.0HP 4.0L 8 Cylinder Engine Gasoline Fuel,1065
605.0HP 5.7L 10 Cylinder Engine Gasoline Fuel,1066
610.0HP 5.2L 10 Cylinder Engine Gasoline Fuel,1067
611.0HP 3.9L 8 Cylinder Engine Gasoline Fuel,1068
616.0HP 6.0L 12 Cylinder Engine Gasoline Fuel,1069
616.0HP Electric Motor Electric Fuel System,1070
617.0HP 4.4L 8 Cylinder Engine Gasoline Fuel,1071
620.0HP Electric Motor Electric Fuel System,1072
621.0HP 6.0L 12 Cylinder Engine Gasoline Fuel,1073
624.0HP 6.6L 12 Cylinder Engine Gasoline Fuel,1074
630.0HP 4.0L 8 Cylinder Engine Gasoline Fuel,1075
638.0HP 6.2L 8 Cylinder Engine Gasoline Fuel,1076
640.0HP 3.8L Flat 6 Cylinder Engine Gasoline Fuel,1077
640.0HP 6.2L 8 Cylinder Engine Gasoline Fuel,1078
641.0HP 4.0L 8 Cylinder Engine Gasoline Fuel,1079
645.0HP 8.4L 10 Cylinder Engine Gasoline Fuel,1080
650.0HP 5.8L 8 Cylinder Engine Gasoline Fuel,1081
650.0HP 6.2L 8 Cylinder Engine Gasoline Fuel,1082
651.0HP 6.3L 12 Cylinder Engine Gasoline Fuel,1083
660.0HP 3.9L 8 Cylinder Engine Gasoline Fuel,1084
670.0HP 5.5L 8 Cylinder Engine Gasoline Fuel,1085
670.0HP Electric Motor Electric Fuel System,1086
691.0HP Electric Motor Electric Fuel System,1087
70.0HP 1.0L 3 Cylinder Engine Gasoline Fuel,1088
702.0HP 6.2L 8 Cylinder Engine Gasoline Fuel,1089
707.0HP 6.2L 8 Cylinder Engine Gasoline Fuel,1090
710.0HP 4.0L 8 Cylinder Engine Gasoline Fuel,1091
715.0HP 5.2L 12 Cylinder Engine Gasoline Fuel,1092
717.0HP 6.2L 8 Cylinder Engine Gasoline Fuel,1093
729.0HP 6.5L 12 Cylinder Engine Gasoline Fuel,1094
759.0HP 6.5L 12 Cylinder Engine Gasoline Fuel,1095
76.0HP 1.5L 4 Cylinder Engine Gas/Electric Hybrid,1096
760.0HP 5.2L 8 Cylinder Engine Gasoline Fuel,1097
778.0HP Electric Motor Electric Fuel System,1098
78.0HP 1.2L 3 Cylinder Engine Gasoline Fuel,1099
788.0HP 6.5L 12 Cylinder Engine Gasoline Fuel,1100
797.0HP 6.2L 8 Cylinder Engine Gasoline Fuel,1101
8.0L W16 64V GDI DOHC Twin Turbo,1102
808.0HP 6.2L 8 Cylinder Engine Gasoline Fuel,1103
835.0HP Electric Motor Electric Fuel System,1104
Battery Electric,1105
Dual AC Electric Motors,1106
Dual Motor - Standard,1107
Electric,1108
Electric Motor Electric Fuel System,1109
I4,1110
Intercooled Turbo Diesel V-8 6.7 L/406,1111
Intercooled Turbo Premium Unleaded I-4 2.0 L/122,1112
Standard Range Battery,1113
V6,1114
V8,1115
,1116
